{
	"description": "项目配置文件。",
	"packOptions": {
		"ignore": []
	},

	"cloudfunctionRoot": "cloud/",
	"setting": {
		"urlCheck": true,
		"es6": true,
		"postcss": true,
		"minified": true,
		"newFeature": true,
		"autoAudits": false
	},
	"compileType": "miniprogram",
	"libVersion": "2.6.1",
	"appid": "wxb40b6efca758bd61",
	"projectname": "%E7%B4%A2%E6%AE%B7%2B",
	"isGameTourist": false,
	"condition": {
		"search": {
			"current": -1,
			"list": []
		},
		"conversation": {
			"current": -1,
			"list": []
		},
		"game": {
			"currentL": -1,
			"list": []
		},
		"miniprogram": {
			"current": -1,
			"list": [],
		}
	}
}